"avg_firstname_length","avg_lastname_length"
"6.9739319333816075","7.2889210716871832"
